--
-- PostgreSQL database dump
--

\restrict w0DZsy5c4fdQcO3vqnYfs6cxLVbOSH7p3u7AmBov0rkNtfJdDgMVBb6Vh3z3vAX

-- Dumped from database version 18.2 (Debian 18.2-1.pgdg13+1)
-- Dumped by pg_dump version 18.2 (Debian 18.2-1.pgdg13+1)

SET statement_timeout = 0;
SET lock_timeout = 0;
SET idle_in_transaction_session_timeout = 0;
SET client_encoding = 'UTF8';
SET standard_conforming_strings = on;
SELECT pg_catalog.set_config('search_path', '', false);
SET check_function_bodies = false;
SET xmloption = content;
SET client_min_messages = warning;
SET row_security = off;

SET default_tablespace = '';

SET default_table_access_method = heap;

--
-- Name: alembic_version; Type: TABLE; Schema: public; Owner: valerii
--

CREATE TABLE public.alembic_version (
    version_num character varying(32) NOT NULL
);


ALTER TABLE public.alembic_version OWNER TO valerii;

--
-- Name: countries; Type: TABLE; Schema: public; Owner: valerii
--

CREATE TABLE public.countries (
    id integer NOT NULL,
    name character varying NOT NULL
);


ALTER TABLE public.countries OWNER TO valerii;

--
-- Name: countries_id_seq; Type: SEQUENCE; Schema: public; Owner: valerii
--

CREATE SEQUENCE public.countries_id_seq
    AS integer
    START WITH 1
    INCREMENT BY 1
    NO MINVALUE
    NO MAXVALUE
    CACHE 1;


ALTER SEQUENCE public.countries_id_seq OWNER TO valerii;

--
-- Name: countries_id_seq; Type: SEQUENCE OWNED BY; Schema: public; Owner: valerii
--

ALTER SEQUENCE public.countries_id_seq OWNED BY public.countries.id;


--
-- Name: manufactures; Type: TABLE; Schema: public; Owner: valerii
--

CREATE TABLE public.manufactures (
    id integer NOT NULL,
    name character varying NOT NULL
);


ALTER TABLE public.manufactures OWNER TO valerii;

--
-- Name: manufactures_id_seq; Type: SEQUENCE; Schema: public; Owner: valerii
--

CREATE SEQUENCE public.manufactures_id_seq
    AS integer
    START WITH 1
    INCREMENT BY 1
    NO MINVALUE
    NO MAXVALUE
    CACHE 1;


ALTER SEQUENCE public.manufactures_id_seq OWNER TO valerii;

--
-- Name: manufactures_id_seq; Type: SEQUENCE OWNED BY; Schema: public; Owner: valerii
--

ALTER SEQUENCE public.manufactures_id_seq OWNED BY public.manufactures.id;


--
-- Name: noodles; Type: TABLE; Schema: public; Owner: valerii
--

CREATE TABLE public.noodles (
    id integer NOT NULL,
    title character varying NOT NULL,
    description character varying,
    recommendation boolean NOT NULL,
    country_id integer NOT NULL,
    manufacture_id integer NOT NULL,
    image character varying NOT NULL
);


ALTER TABLE public.noodles OWNER TO valerii;

--
-- Name: noodles_id_seq; Type: SEQUENCE; Schema: public; Owner: valerii
--

CREATE SEQUENCE public.noodles_id_seq
    AS integer
    START WITH 1
    INCREMENT BY 1
    NO MINVALUE
    NO MAXVALUE
    CACHE 1;


ALTER SEQUENCE public.noodles_id_seq OWNER TO valerii;

--
-- Name: noodles_id_seq; Type: SEQUENCE OWNED BY; Schema: public; Owner: valerii
--

ALTER SEQUENCE public.noodles_id_seq OWNED BY public.noodles.id;


--
-- Name: countries id; Type: DEFAULT; Schema: public; Owner: valerii
--

ALTER TABLE ONLY public.countries ALTER COLUMN id SET DEFAULT nextval('public.countries_id_seq'::regclass);


--
-- Name: manufactures id; Type: DEFAULT; Schema: public; Owner: valerii
--

ALTER TABLE ONLY public.manufactures ALTER COLUMN id SET DEFAULT nextval('public.manufactures_id_seq'::regclass);


--
-- Name: noodles id; Type: DEFAULT; Schema: public; Owner: valerii
--

ALTER TABLE ONLY public.noodles ALTER COLUMN id SET DEFAULT nextval('public.noodles_id_seq'::regclass);


--
-- Data for Name: alembic_version; Type: TABLE DATA; Schema: public; Owner: valerii
--

COPY public.alembic_version (version_num) FROM stdin;
f5dd318111b1
\.


--
-- Data for Name: countries; Type: TABLE DATA; Schema: public; Owner: valerii
--

COPY public.countries (id, name) FROM stdin;
1	Корея
2	Вьетнам
3	Тайланд
4	Китай
5	Япония
6	Сингапур
7	Казахстан
9	Малайзия
10	Великобритания
11	Россия
12	Кыргызстан
13	Турция
15	США
16	Индонезия
17	Польша
18	Литва
19	Италия
\.


--
-- Data for Name: manufactures; Type: TABLE DATA; Schema: public; Owner: valerii
--

COPY public.manufactures (id, name) FROM stdin;
1	Nongshim
2	Samyang
3	Vifon
4	A-One
5	Ottogi
6	iMee
7	Mama
8	Baixiang
9	Paldo
10	Miliket
11	Cung Dinh
12	GauDo
13	Picnic
14	Ha Noi
15	Nissin
16	Koka
17	Master Kong
18	Ramen Yakuza
19	Haidilao
21	CarJEN
23	Pot Noodle
24	Doshirak
25	Роллтон
26	Siem Sam
27	Omachi
28	Yang Zhanggui
29	Hezhai⁠⁠
30	YOUPINWAY
31	BigBon
32	KingThai
33	Optima
34	Shangqiu
35	Sinomie
37	Reena
38	Reeva
39	Jinmailang
40	Алькони
41	Dudomi
42	Banetti
43	SuperMi
44	Hang Nga
46	QiaoDouMa
47	Berona
48	Oppa
49	Jaya
50	Cityeshka
51	Daebak
53	ZikZik
54	Thien Huong
56	Hanil Food Co
57	SMT
58	SANBONSAI
59	Anhui Yile
60	Henan Jia Food
61	Анаком
62	Okwok
63	KingPho
65	Sue Sat
66	Acecook
67	Sunaoshi
68	Master Kan
69	Ningbo
70	Luo Ba Wang
71	Migawon
72	Tangdaren
73	Tongbaifu
75	Tong Wan Fu
76	Dou Xiao Yu
77	Henan
74	Wang Zi Feng Fan Leiqia
78	JM
79	Xiang Yue Yu
80	JinRiBig
81	Master Wok
82	Yummy! Yummy!
83	Биг Ланч
85	Meshi
86	Ajinomoto
87	Maggi
88	Saikebon
\.


--
-- Data for Name: noodles; Type: TABLE DATA; Schema: public; Owner: valerii
--

COPY public.noodles (id, title, description, recommendation, country_id, manufacture_id, image) FROM stdin;
3	Ramen	Пахнет копченой паприкой, остренькая, неплохой бульон и лапша.	f	1	2	Samyang_Ramen.jpg
4	Pho	Вкусный суп.	t	2	3	Vifon_Pho.jpg
5	Tom Ram	Приятная, с настоящими креветками, немного остренькая.	f	2	4	A-One_Tom_Ram.jpg
6	Pho Bo	Вкусный суп.	t	2	3	Vifon_Pho_Bo.jpg
7	Kimchi Ramyun	Пойдет, не очень остро, чуть кисло, типа щи.	t	1	1	Nongshim_Kimchi_Ramyun.jpg
8	Ramen Kimchi	Не острая, вкусная лапша, бульон.	t	1	2	Samyang_Ramen_Kimchi.jpg
9	Jin Ramen Mild	В меру острая, наваристый бульон, хорошая лапша.	t	1	5	Ottogi__Jin_Ramen_Mild.jpg
10	Shrimp	Немного странный вкус, не похож на стандартный азиатский, чуть остренько, вроде не плохо.	f	3	6	iMee_Shrimp.jpg
11	Chicken Abalone	Бульон непонятный какой-то, немного острый, лапша на вкус как нитки.	f	3	7	Mama_Chicken_Abalone.png
12	Spicy Beef Soup Flavor Instant Noodles	Приятная, немного остренькая, с какими-то специями.	t	4	8	Baixiang_Spicy_Beef_Soup_Flavor_Instant_Noodles.jpg
13	Neoguri Ramyun	Типа морская, не острая, на раз.	f	1	1	Nongshim_Neoguru_Ramyun.jpg
14	Seafood Party	Остренькая, неплохая.	f	1	2	Samyang_Seafood_Party.jpg
15	Namja Ramen	Невкусный бульон, остро и горько	f	1	9	Paldo_Namja_Ramen.jpg
16	Sogokimyun	Бульон остренький, но не насыщенный, лапша норм. Не дотягивает до лучших.	f	1	2	Samyang_Sogokimyun.jpg
17	Ansungtangmyun	Вкусная, острая.	t	1	1	Nongshim_Ansungtangmyun.jpg
18	Soon Veggie Ramen Noodle Soup	Вкусная, средняя острата.	t	1	1	Nongshim_Soon_Veggie_Ramen_Noodle_Soup.jpg
19	Sesame Ramen	Приятная корейская лапша, но острота на грани.	f	1	5	Ottogi_Sesame_Ramen.jpg
20	Mi Xao	Бульон ни о чём, лапша приятная, не острая, но мало для обеда и сухо.	f	2	10	Miliket_Mi_Xao.jpg
21	Chicken Flavor	Немного перченая лапша куриный бульон, есть можно.	t	2	3	Vifon_Chicken_Flavor.jpeg
22	Bo Ham	Приятный бульон, лапша почти не острая.	f	2	11	Cung_Dinh_Bo_Ham.jpg
24	Pho Ga	Вкусная, хорошая, можно брать.	t	2	3	Vifon_Pho_Ga.jpg
25	Shrims Flavour	Ни о чем.	f	2	3	Vifon_Shrims_Flavour.png
26	Pho Bo	Не острый, вкусный суп.	t	3	7	Mama_Pho_Bo.jpg
27	Tom Yum	Пахнет вкусно, как Том Ям, есть небольшой вкус Том Яма, средняя острота.	f	2	13	Picnic_Tom_Yum.jpg
28	Hao Hao Hot Sour Shrimp	Приятная, остренькая.	f	2	14	Hao_Hao_Hot_Sour_Shrimp.jpg
29	Beef Flavour	Обычная лапша, бульон приятный, но не насыщенный, не острый.	f	2	3	Vifon_Beef_Flavour.png
30	Mi An Lien	Лапша приятная, бульон приятный, но не насыщенный, не острый.	f	2	10	Miliket_Mi_An_Lien.jpg
32	Cup Noodles Seafood	Вкусный, в меру солёный бульон. Сама лапша тоже приятная нежная.	t	5	15	Nissin_Cup_Noodles_Seafood.png
33	Mi Goreng	Безвкусная.	f	6	16	Koka_Mi_Goreng.png
34	Kang Shi Fu	Неплохая, в меру острая, ароматная.	f	4	17	Master_Kong_Kang_Shi_Fu.jpg
35	С говядиной	Пахнет какими-то специями, лапша средняя, нормальная, остренькая.	f	7	18	Ramen_Yakuza.jpg
36	Hot Pot Beef	Вкусный томатный неострый бульон с кусками тушенки, остальные ингредиенты безвкусные.	f	4	19	Haidilao_Hot_Pot.jpg
39	Nonya Karri Laksa	Невкусный бульон и лапша, плюс очень остро.	f	9	21	CarJEN_Nonya_Karri_Laksa.jpg
40	Hakodate Shio	По вкусу как обычный куриный суп, не острый.	f	5	15	Nissin_Hakodate_Shio.jpg
41	Hoang Gia	Вкусная лапша, бульон, внутри пакетик с тушенкой, чуть остренько.	t	2	3	Vifon_Hoang_Gia.jpg
42	Shrimp Flavor	Неплохая лапша, бульон, чуть остро.	f	2	4	A-One_Shrimp_Flavor.jpg
43	Artificial Roasted Beef Flavor Instant Noodle	Приятный неострый бульон, есть можно.	f	4	8	Baixiang_Artificial_Roasted_Beef_Flavor_Instant_Noodle.jpg
45	Chapaguri	Приятная толстая лапша в сладковатом бульоне.	f	1	1	Nongshim_chapaguri.jpg
46	Topokki Ramen	Остренькая.	f	1	2	Samyang_topokki_ramen.jpg
47	Jjajang Ramen	Приятная лапша в сладко-соевом соусе.	f	1	2	Samyang_Jjajang_ramen.jpg
48	Piri-Piri Chicken	Бульон похож на чечевичный суп, лапша обычная, острота регулируется из пакетика	f	10	23	Pot_Noodle_Piri_Piri_Chicken.jpg
49	Kim Chi Flavor Korean Style Instant Noodle	Приятная лапша, бульон	t	2	3	Vifon_Kim_Chi_Flavor_Korean_Style_Instant_Noodle.png
50	Чан Рамен со вкусом говядины	Неплохая лапша ,похожа на корейские, не острая.	f	11	24	Doshirak_Chan_Ramen_Beef.jpg
51	Куриная Лапша	Приятная лапша, бульон, не острый	f	11	25	Rollton_Chiken_Spicy.jpg
31	Pad Thai	Ни о чем	f	3	7	Mama_Pad_Thai.jpg
52	Tom Yam	Приятная лапша, пахнет как том ям, на вкус чуть им отдаёт, немного остренькая	t	2	12	Goudo_Tom.jpg
53	Курица гриль	Лапшу лучше проварить, чтобы была ещё мягче, вкусный приятный бульон, не острый, можно брать	t	7	26	Siem_Sam_Chiken.jpg
54	Tom Yam	Лапша нормальная, бульон немного острый, но кислит	f	2	27	Omachi_Tom.jpg
55	Рамен с сычуаньским перцем	Лапша тонкая, бульон странный, острый	f	4	28	Yang_Zhanggui.jpg
56	Лапша с морепродуктами	Мисо суп, остренький, неплохой	f	4	29	Hezhai.jpg
57	Рис	Саморазогревающийся рис с овощами и мясным фаршем	f	4	30	Youpinway_TUXWsQT.jpg
58	Oriental Style Instant Noodle Tomyam Flavour	Обычная вьетнамская лапша, бульон ненасыщенный , чуть острый	f	2	3	Vifon_Oriental_Style_Instant_Noodle_Tomyam_Flavour.jpg
59	Лапша с овощами и перцем Малакета	Лапша тонкая, бульон очень масляный и острый	f	4	29	Hezhai_Malaket.jpg
60	Лапша куриная с соусом сальса	Приятная лапша, бульон, не остро	f	11	31	BigBon_Chiken_Salsa.webp
61	Shrimp Flavor Thai Style	Приятная лапша	f	2	3	Vifon_Shrimp_Flavor_Thai_Style_Instant_Noodle.jpg
62	Lau Thai	Приятная лапша, чуть острая	f	2	3	Vifon_LAU_THAI.jpg
63	Kimchi Ramen	Вкусная лапша, в меру острая	t	1	5	Ottogi_Kimchi_Ramen.jpg
64	Yeul Ramen	Лапша вкусная, но остро, много чили	f	1	5	Ottogi_Yeul_Ramen.jpg
65	Чан Рамен с говяжьим бульоном	Неплохая лапша, напоминает доширак из нулевых, не остро	f	11	24	Chan_Ramen_Beef_Сup.webp
66	Сreamy Tom Yum	Обычная лапша, привкус том яма, остренькая	f	11	32	KingThai_Сreamy_Tom_Yum.jpg
67	Со вкусом курицы	Лапша простая, бульон приятный, не острый	f	4	33	OptimaChiken.png
68	Курица в соусе терияки	Приятная лапша и соус, есть приятная острота.	f	11	31	BigBonwokchiken.jpg
69	Black pasta	Лапша в бобовом соусе, приятная, не острая.	t	11	24	ChanRamenBlack.jpg
70	Shin Light	Приятная лапша, но острота на грани	f	1	1	Nongshim-shin-light.jpg
71	Chapagetti	Плотная хорошая лапша в сладковатом соусе, не острая	t	1	1	Nongshim-chapagetti.jpg
72	Cheese Рамён	Лапша тонкая, хуже корейских, бульон немного сырный, не острый	f	11	24	Doshirak-Cheese.jpg
73	Говядина Фо	Лапша ни о чем, бульон приятный	f	11	32	KINGTHAI_PHO.jpg
74	Silk Seafood	Специфичный привкус, неплохой, лапша рисовая, не остро и не солёно	f	6	16	Koka_seafood.png
75	Shin Ramyun	Лапша стандартная, бульон за гранью остроты	f	1	1	nongshim_shin_ramyun.jpg
76	Neoguri Seafood Spicy	Лапша хорошая, бульон острый, на грани	f	1	1	nongshim_neoguri_ramyun.jpg
77	С капустой	Приятный суп, лапша стандартная, бульон с типичными пряными китайскими специями, не сильно острый	f	4	8	BaiXiang_kimchi.jpg
78	Ramen Soy Souce	Неплохой морской бульон, лапшу лучше проварить, чтобы была мягче	f	2	3	Vifon_ramen_soy_souce.jpg
79	Beef flavor	Непонятный какой-то вкус, при этом довольно остро	f	2	4	A-One_beef_flavor.jpg
80	жареная лапша	Как макароны со шрирачей	f	4	34	Shangqiu.jpg
81	с морепродуктами	Простая лапша и солененький бульон, нет даже сушеного лука	f	11	35	SINOMIE.jpg
83	Max Chiken	Бульон не солёный, не перченный, лапша из-за этого пресная	f	11	31	BigBonMaxChicken.jpg
85	Shrimp Flavour	Вкусненький суп, чуть чуть острый, в меру, можно брать	t	4	17	Master_kong_shrimp.jpg
86	Tom Yum	Вкусный бульон, грибы интересный сладкий вкус, макароны вьетнамские стандартные, чуть остро	t	2	37	Reena-Tom-Yum.jpg
87	Crab Flavor	Лёгкий не супер насыщенный мисо бульон, лапша плоская, не остро	f	2	3	Vifon_crab_flavor.jpg
88	Рисовая лапша Том Ям	Сделано во Вьетнаме, хоть и биг бон русская\r\nБульон приятный, но вкус том яма очень слабый, лапша не до конца мягкая, слабо остро	f	11	31	BigBonTomY.jpg
89	Чачжан Мён	Но соус из Китая. Приятная лапша. Сладковатый соус с кусочками чего-то, грибы или соевое мясо. Не остро	f	11	24	Doshirak_ChachGan.webp
91	Con Caracter	Нормальная лапша, типа роллтона, бульон приятный, не остро	f	11	38	ReevaConCaracter.jpg
92	Fideos Con Carne	Лапша типа роллтона, не остро, бульон простой	f	11	38	ReevaFideos.jpg
94	Удон японская со вкусом говядины	Вкусный бульон, не острый, лапша как деревенская яичная.	t	4	39	Jinmailang_Beef.jpg
93	Чан Рамен Острый	Лапша хорошая, бульон Остренький, как корейская	t	11	24	ChanRamenHotBeef.webp
193	Pork bone	Вкусно, легкая остринка. Варю 3 минуты, в конце соус и выключаю.	t	4	72	Tangdaren_pork_bone.png
95	Куриный	Приятный вкусненький бульон, лапша не самая лучшая, но пойдёт, есть можно	f	12	40	AlkoniChiken.jpg
96	Pho bo	Есть можно, но другие фо бо, в бичпакетах намного вкуснее	f	2	12	GauDo_PhoB.jpg
97	Говяжий	Простой бульон и лапша, есть можно когда больше нечего	f	11	24	Doshirak_Beef.jpg
98	Curry Noodle	Обычная простая лапша и простой бульон.	f	13	41	Dudomi.jpg
99	Taco	Сама лапша нормальная, но из-за приправы солёно слишком	f	13	42	Banetti_Taco.jpg
100	Yakisoba	Приятная лапша с приятным соусом, не острая, порция маленькая	f	5	15	nissin_yakisoba.jpg
101	Curry	Средняя лапша и бульон, чили дозируется.	f	13	43	SuperMi.jpg
102	Bun Gio Heo	Бульон приятный, чуть остро, лапша тонкая - не очень вкусно и соевые колобки безвкусные	f	2	44	BunGioHeo.jpg
104	Crab	Вкусная, но острая	f	4	46	QiaoDouMaCrab.jpg
107	Nazir	Обычная вермишель, бульон не пробовал	f	13	47	Berona_Nazir.jpg
109	Том ям	Лапша средняя, бульон кисло-острый, не очень насыщенный	f	2	48	oppa_tom.webp
110	С говядиной	Сама лапша хорошая, но бульон нет	f	3	49	jaya.webp
111	Говядина	Лапша обычная вьетнамская, бульон. Остренький, не сильно насыщенный.	f	2	48	oppa_beef.webp
113	Spaghetti	Вкусная лапша, бульона нет, не острая, можно покупать	t	2	11	Cung_dinh_spaghetti.webp
114	Лапша	Внутри соус китайский, лапша как бешбармак, вполне приятный  бульон, не острый	f	11	50	Cityeshka.webp
115	Clay Pot	Вкусная лапша и бульон, легкая острота	t	1	1	Nongshim_clay_pot.webp
116	Tom Yum	Рисовая лапша, паста заправка ароматная, но острота на грани	f	2	53	Zik_zik_Tom_Yum.webp
117	Guk	Вкусная лапша, вкусный бульон, типа мисо суп, не остро. Варить лапшу, в конце пакетики	t	9	51	Daebak_guk.webp
118	Mushroom	Лапша вкусная, но острота на грани	f	9	51	Daebak_mushroom.webp
121	Ever Pho	Лапша рисовая, бульон не острый и не особо насыщенный.	f	2	54	Ever_pho.webp
122	Cheese Ramen	Вкусный сырный бульон, острота комфортная, сама лапша хорошая	t	1	5	Ottogi_cheese_ramen.webp
123	Seafood Flavor Udon	Бульон хороший, острота средняя, лапша толстая	t	1	56	Hanil_Food_SeafoodFlavorUdon.webp
124	Том Ям	Кисловатый остренький немного кисельный  бульон, лапша рисовая	f	11	58	Sanbonsai.webp
125	U-Zha	Обычный бобовый соус, толстая лапша	f	1	56	Hanil_Food_U-Zha.webp
126	Cantonese wonton	Бульон солёноватый, бешбармак и пельмени как обычные тесто	f	4	39	JM_Cantonese_wonton.webp
128	Cheese Ramen	Стандартная корейская, острота средняя	f	1	1	Nongshim_cheese_ramen.webp
129	Chicken Flavor	Простая лапша и бульон	f	4	57	SMT_chicken_flavor.webp
130	Дошань с курицей	Обычная лапша, простой перченый бульон	f	4	57	Doshan_chiken.webp
131	Дошань с говядиной	Остренький бульон, лапша простая	f	4	57	Doshan_beef.webp
132	С морепродуктами	Лапша простая, пресная, бульон слабый, не острый	f	4	57	SMT_seafood.webp
133	Naruto	Бульон приятный, лапша нормальная, но немного странный запах	f	4	59	Naruto.webp
135	Lu`s Private Kitchen	Бульон норм, лапша тонкая, не очень	f	4	60	China_panda.webp
136	Kimchi	Хорошая лапша, ароматный бульон, острота как надо.	t	2	3	Vifon_kimchi.webp
138	Кимчи	Лапша самая простая, бульон приятный, чуть острый, но его мало и суховато в итоге	f	11	61	Anakom_kimchi.webp
140	Курица сальса	Приятный бульон и лапша	f	7	62	Okwok_chiken_salsa.webp
119	Yellow Curry	Бульон соленоватый со вкусом карри, лапша обычная	f	3	7	mama_curry.webp
112	Shrims	Лапша стандартная вьетнамская, бульон кисловато-острый	f	3	7	mama_shrimps_flavour.webp
108	Kimchi	Неплохой, остренький бульон (чили в пакетике), лапшу лучше проварить	f	3	7	mama_kimchi.webp
134	Tien Shan	Приятная лапша, приятный соус, приятная острота	t	7	31	BigBon_Tien.webp
142	Pho ga	Нормальная Фо, не лучшая, не худшая	f	2	63	KingPho_chicken.webp
155	Том Ям	Бульон достаточно острый, лапша обычная	f	3	65	SueSat_TomYam.jpg
156	Вантуккон Чампонг	Лапша как в дошираке, бульон хороший, но острота на грани	f	1	9	Paldo_Vantukon_Champong.webp
127	Chicken Mushrooms	Приятный бульон и лапша, не остро, большая порция	f	4	39	JML_chicken_mushrooms.webp
106	Суп	Бульон легкий приятный, лапша широкая как бешбармак, приятная, можно есть	f	4	39	China_unknown3.jpg
120	Chicken and mushrooms	Солоноватый бульон, лапша вермишель, не остро, ни о чем.	f	4	78	JM.webp
157	Вантуккон	Лапша как в дошираке, бульон хороший, острота выше среднего	f	1	9	Paldo_Vantukon.webp
143	Ягненок	Бульон приятный простой, лапша простая, не остро	f	7	62	Okwok_lamb.webp
145	Говядина огурец	Пахнет как плов, бульон похож на зирвак, лапша обычная	f	7	62	Okwok_beef.webp
137	Tom Yam	Бульон кисло-остренький, не очень, лапша обычная	f	3	49	Jaya_tom_yam.webp
159	Mi Lau Thai	Вкусненький бульон и лапша, в меру остро	t	2	66	Acecook_LauThai.webp
90	Mi Tom	Лапша стандартная вьетнамская, бульон лёгкий, чуть остро, не супер	f	2	37	ReenaMiTomChua.webp
160	Удон со вкусом курицы	Вкусная лапша, бульон куриный	f	4	39	Jinmailang_udon_chiken.webp
158	Bibimmen	Хорошая лапша, вкусный сладко-острый соус. Без бульона	t	1	9	Paldo_Bibimmen.webp
146	Говядина сальса	Бульон чуть острый, похож на зирвак, лапша плотная, не очень	f	7	62	Okwok_beef_salsa.webp
161	Мисо рамен	Лапша нормальная, мисо бульон слабый, не острый	f	5	67	Sunaoshi_miso_ramen.webp
162	Stir Fry	Американская версия японского бренда.\r\nНеплохая лапша, приятный сладковатый бульон	f	15	15	cup_noodle_stir_fry.webp
163	Omelette	Вкусный бульон, приятная острота, лапша стандартная 	t	4	68	master_kan_omelette.webp
164	Карбонара 	Лапша без бульона, сливочно-сырная, приятная, не остро	f	4	69	ningbo_carbanara.webp
165	Сырная лапша	Лапша со сладковатым немного химическим сырным соусом, не остро	f	4	69	ningbo_cheese.webp
144	Курица сыр	Лапша простая, бульон соленый химозный	f	7	62	Okwok_chiken_cheese.webp
168	Snack Ramen	Хороший бульон и лапша, не остро почти	t	1	5	OTTOGI_SNACK_RAMEN.webp
167	Seaweed Ramen	Вкусный мисо бульон с морской капустой, не острый, лапша стандартная	t	4	39	Jinmailang_seaweed_ramen.webp
169	Pho chiken flavour	Вкусный Фо	t	2	66	acecook_pho_chiken_flavour.webp
166	С курицей	Приятный куриный бульон, неплохая лапша, большая порция, не остро	f	4	69	ningbo_chicken.webp
141	Beef	Бульон хороший, сама лапша типичная китайская, не остро, можно брать	f	4	39	JinMaiLang_Beef.webp
171	Chicken Flavor	Приятный бульон и лапша, немного остренько	f	1	9	Paldo_chiken.webp
172	Kim Chi 	Приятный кисловатый островатый бульон, лапша нормальная	f	2	37	Reena_Kim_chi.webp
173	Рисовая лапша с улитками	Лапша скользкая, бульон приятный, куча допов, которые воняют дедовской мазью	f	4	70	Luo_Ba_Wang_Rise.webp
174	Сырный рамен	Густой сырно-молочный бульон, не остро	f	1	5	Ottogi_Real_Cheese.webp
175	С яблоками	Вкусный бульон и лапша	t	4	39	Jinmailang_apple.webp
176	Mep - Garlic & Clam	Лапша нормальная, бульон щиплет язык как сычуаньский Перец, остро, горько, за гранью	f	1	2	Samyang_Mep_Garlic&Clam_Ramyeon.webp
178	Seafood Ramen	Лапша стандартная, бульон средний, напоминает старый доширак, лёгкая комфортная острота	f	1	71	Migawon_seafood.webp
179	Cheese Ramen	Очень остро, язык горит, есть невозможно	f	1	71	Migawon_cheese.webp
177	Chacharoni	Приятная лапша в бобовом соусе, не остро	f	1	2	Samyang_Chacharoni.webp
182	Shanxi Knife-Cut Noodles	Вкусная лапша и бульон, уксус добавить после варки	t	4	39	Jinmailang_Shanxi_Knife-Cut_Noodles.webp
184	Lanzhou Ramen Beef Noodles	Приятная лапша и бульон, не остро, воды заливал чуть выше полстакана	f	4	73	Tongbaifu_Lanzhou_Ramen_Beef_Noodles.webp
185	Pork and fish sauce	Залить воду к рису и немного к сухому бульону. Овощной мясной соус острый	f	4	74	Wang_Zi_Feng_Fan_pork_fish_sauce.webp
187	Chicken	Солоноватый бульон, не остро	f	4	76	Dou_Xiao_Yu_chicken.webp
188	Со вкусом свиных ребер	Бульон острый, но не насыщенный, лапша обычная, похоже на красный дошик	f	4	17	Master_Kong_pork_bones.webp
189	Chicken mushrooms	По факту просто лапша, ни соли ни перца	f	4	17	Master_Kong_chicken_mushrooms.webp
190	Квашеная капуста и говядина	Довольно остро, нет яркого насыщенного вкуса, пахнет чем-то пропаренным	f	4	17	Master_Kong_Sauerkraut_Beef.webp
191	Spicy beef 	Средне-острая, на вкус немного похож на казахстанскую, то есть с кислинкой	f	4	17	Master_Kong_spicy_beef.webp
192	Томаты и яйца	Неплохая лапша, не острая	f	4	17	Master_Kong_tomato_egg.webp
195	Chicken	Невкусно	f	4	75	Tong_Wan_Fu_chicken.webp
170	Рис с картофелем и говядиной	Самовар. Рис нормальный, соус остренький, порция большая	f	4	77	Risenoname.webp
183	Seafood	Вкусный бульон, лапша, не остро	t	4	72	Tangdaren_seafood.webp
103	Crab	Вкусная лапша, крабовый соус, острая. В комплекте маршмелоу и горох в панировке	f	4	79	China_unknown.jpg
194	Chicken	Слабый привкус куриного бульона, лапша простая	f	4	8	Baixiang_chicken.jpg
181	Pork Bones	Лапша и бульон приятные, но не лучшее, не остро	f	4	8	BAIXIANG_pork_bones.webp
196	Рис с говядиной	Самовар. Неплохой рис с кусочками овощей и говядины, острота комфортная. В дорогу	f	4	77	Henan_Rise_Beef.webp
105	Beef and Mushrooms	Рис хороший, суп-соус приятный, не остро, для походов подойдет	f	4	74	China_rice.jpg
200	Рамен с кимчи	Вкусный бульон, чуть острый, лапша плотная	f	12	81	Master_Wok_Ramen.webp
201	Longxia Banmian	Острая из-за сычуаньского перца	f	4	46	QiaoDouMa_Xiao_Longxia_Banmian.webp
202	Black Garlic	Бульон неплохой, лапша обычная, порция маленькая, не остро	f	4	69	Ningbo_Garlic.webp
199	Beef	Бульон приятный, не острый, лапша простая	f	4	80	JinRiBig_Beef.webp
198	Dao Xian Mian Beef	Много ингредиентов, но вкус так себе, острота приемлемая	f	4	39	Jinmailang_DaoXianMian_Beef.webp
203	Seafood	Лапша простая, бульон приятный, но его очень мало	f	4	69	Ningbo_Seafood.webp
205	Pork	Вкусная лапша и бульон, в меру острый. Варю лапшу с овощами, потом соус и уксус	t	4	72	Tangdaren_pork.webp
204	Beef	Лапша и бульон приятные, но не более	f	16	15	Nissin_Cup_Noodles_Beef.webp
206	Ким Чачжан	Лапша обычная, соус бобовый, но слабенький, не остро	f	2	48	oppa_chach.webp
207	С морепродуктами	Лапша вьетнамская, соус остренький	f	2	48	oppa_seafood.webp
208	Kim ramen со вкусом курицы⁠	Простой бульон и лапша, не остро	f	2	82	Kim_ramen⁠.webp
209	Фрикасе с цыпленком	Приятный бульон и лапша	f	11	83	biglanch_chicken.webp
210	Чан Рамен Cheese	Неплохая лапша с сырным соусом, не острая, можно использовать как основу для пасты	f	11	24	Chan_ramen_cheese.webp
211	Рис с соусом из говядины	Рис вкусный, но довольно остро	f	4	77	HenanLeiqiaFood_Rise_beef.webp
212	Рис с курицей и грибами	Рис по специям простой, не острый	f	4	69	Ningbo_rice_chicken.webp
213	Чан Рамен со вкусом курицы	Сама лапша хорошая, но бульон нет, как куриный кубик	f	11	24	Chan_ramen_chicken.webp
214	С мясным соусом	Невкусная лапша, пересоленный бульон	f	11	24	Doshirak_meet.webp
216	С карри	Вкусный и бульон с карри и лапша, возможно есть лёгкая остринка	t	4	39	Jinmailang_beef_carry.webp
217	Pho Ga	Лапша обычная рисовая, бульон сладковатый, ненасыщенный	f	2	85	Moshi_Halo_Pho_Ga.webp
218	Pho Bo	Приятный бульон и лапша, поменьше воды, чтобы бульон насыщенный был	f	2	85	Meshi_Pho_Bo.webp
215	Tangle Creamy Bulgogi	Вкусная паста, сладковатая с остринкой. Варить лапшу 5.30, затем добавить по порядку все пакетики	t	1	2	samyang_tangle_creamy_bulgogi.webp
219	Лапша Чеддар	Неплохой сырный бульон, лапша стандартная корейская, острота легкая комфортная	f	1	5	Ottogi_cheddar.webp
220	Сырный рамен	Приятная лапша в сыром соусе, не остро, мало	f	1	5	Ottogi_cheese.webp
221	Buldak Carbonara	Вкусный соус, но остро на грани, половину не доел	f	1	2	Samyang_Carbanara.webp
222	Demae Ramen Duck Flavour	Лапша простая, приготовил без бульона (неправильно), специя остренькая и пряная	f	5	15	Nissin_DemaeRamenDuckFlavour.webp
224	Demae Ramen Shrimp Flavour	not testing	f	5	15	Nissin_DemaeRamenShrimpFlavour.webp
225	Oyakata Soy Sauce Ramen	Обычная лапша и бульон, приятно, но не более	f	17	86	Ajinomoto_OyakataSoySauceRamen.webp
226	Saucy Noodles Teriyaki	Лапша обычная, соус  терияки, есть можно	f	18	87	Maggi_SaucyNoodlesTeriyaki.webp
227	Manzo	Обычная лапша и простой бульон	f	19	88	Saikebon_Manzo.webp
223	Demae Ramen Beef Flavour	Приятный бульон и лапша, не остро	f	5	15	Nissin_DemaeRamenBeefFlavour.webp
228	Bibimmen Токпокки	Эта лапша сделана во Вьетнаме. Хорошая лапша, соус интересный, сладковатый, но с остринкой	t	1	9	Paldo_Tokbokki.webp
\.


--
-- Name: countries_id_seq; Type: SEQUENCE SET; Schema: public; Owner: valerii
--

SELECT pg_catalog.setval('public.countries_id_seq', 19, true);


--
-- Name: manufactures_id_seq; Type: SEQUENCE SET; Schema: public; Owner: valerii
--

SELECT pg_catalog.setval('public.manufactures_id_seq', 88, true);


--
-- Name: noodles_id_seq; Type: SEQUENCE SET; Schema: public; Owner: valerii
--

SELECT pg_catalog.setval('public.noodles_id_seq', 228, true);


--
-- Name: alembic_version alembic_version_pkc; Type: CONSTRAINT; Schema: public; Owner: valerii
--

ALTER TABLE ONLY public.alembic_version
    ADD CONSTRAINT alembic_version_pkc PRIMARY KEY (version_num);


--
-- Name: countries countries_pkey; Type: CONSTRAINT; Schema: public; Owner: valerii
--

ALTER TABLE ONLY public.countries
    ADD CONSTRAINT countries_pkey PRIMARY KEY (id);


--
-- Name: manufactures manufactures_pkey; Type: CONSTRAINT; Schema: public; Owner: valerii
--

ALTER TABLE ONLY public.manufactures
    ADD CONSTRAINT manufactures_pkey PRIMARY KEY (id);


--
-- Name: noodles noodles_pkey; Type: CONSTRAINT; Schema: public; Owner: valerii
--

ALTER TABLE ONLY public.noodles
    ADD CONSTRAINT noodles_pkey PRIMARY KEY (id);


--
-- Name: noodles noodles_country_id_fkey; Type: FK CONSTRAINT; Schema: public; Owner: valerii
--

ALTER TABLE ONLY public.noodles
    ADD CONSTRAINT noodles_country_id_fkey FOREIGN KEY (country_id) REFERENCES public.countries(id);


--
-- Name: noodles noodles_manufacture_id_fkey; Type: FK CONSTRAINT; Schema: public; Owner: valerii
--

ALTER TABLE ONLY public.noodles
    ADD CONSTRAINT noodles_manufacture_id_fkey FOREIGN KEY (manufacture_id) REFERENCES public.manufactures(id);


--
-- PostgreSQL database dump complete
--

\unrestrict w0DZsy5c4fdQcO3vqnYfs6cxLVbOSH7p3u7AmBov0rkNtfJdDgMVBb6Vh3z3vAX

